<?xml version="1.0" encoding="UTF-8"?>
<GenRun Id="synth_1" LaunchPart="xc7z007sclg400-1" LaunchTime="1721210300" LaunchIncrCheckpoint="$PSRCDIR/utils_1/imports/synth_1/top.dcp">
  <File Type="PA-TCL" Name="top.tcl"/>
  <File Type="RDS-PROPCONSTRS" Name="top_drc_synth.rpt"/>
  <File Type="REPORTS-TCL" Name="top_reports.tcl"/>
  <File Type="RDS-RDS" Name="top.vds"/>
  <File Type="RDS-UTIL" Name="top_utilization_synth.rpt"/>
  <File Type="RDS-UTIL-PB" Name="top_utilization_synth.pb"/>
  <File Type="RDS-DCP" Name="top.dcp"/>
  <File Type="VDS-TIMINGSUMMARY" Name="top_timing_summary_synth.rpt"/>
  <File Type="VDS-TIMING-PB" Name="top_timing_summary_synth.pb"/>
  <FileSet Name="sources" Type="DesignSrcs" RelSrcDir="$PSRCDIR/sources_1" RelGenDir="$PGENDIR/sources_1">
    <Filter Type="Srcs"/>
    <File Path="$PSRCDIR/sources_1/new/ALU.v">
      <FileInfo>
        <Attr Name="ImportPath" Val="$PPRDIR/../Downloads/AMD-Summer-Practice-main/AMD-Summer-Practice-main/Downloads/AMD-Summer-Practice-main/AMD-Summer-Practice-main/MIPS2/MIPS.srcs/sources_1/new/ALU.v"/>
        <Attr Name="ImportTime" Val="1721117195"/>
        <Attr Name="UsedIn" Val="synthesis"/>
        <Attr Name="UsedIn" Val="implementation"/>
        <Attr Name="UsedIn" Val="simulation"/>
      </FileInfo>
    </File>
    <File Path="$PSRCDIR/sources_1/new/DATA_MEMORY.v">
      <FileInfo>
        <Attr Name="ImportPath" Val="$PPRDIR/../Downloads/AMD-Summer-Practice-main/AMD-Summer-Practice-main/Downloads/AMD-Summer-Practice-main/AMD-Summer-Practice-main/MIPS2/MIPS.srcs/sources_1/new/DATA_MEMORY.v"/>
        <Attr Name="ImportTime" Val="1721117195"/>
        <Attr Name="UsedIn" Val="synthesis"/>
        <Attr Name="UsedIn" Val="implementation"/>
        <Attr Name="UsedIn" Val="simulation"/>
      </FileInfo>
    </File>
    <File Path="$PSRCDIR/sources_1/new/Instruction_Memory.v">
      <FileInfo>
        <Attr Name="ImportPath" Val="$PPRDIR/../Downloads/AMD-Summer-Practice-main/AMD-Summer-Practice-main/Downloads/AMD-Summer-Practice-main/AMD-Summer-Practice-main/MIPS2/MIPS.srcs/sources_1/new/Instruction_Memory.v"/>
        <Attr Name="ImportTime" Val="1721117195"/>
        <Attr Name="UsedIn" Val="synthesis"/>
        <Attr Name="UsedIn" Val="implementation"/>
        <Attr Name="UsedIn" Val="simulation"/>
      </FileInfo>
    </File>
    <File Path="$PSRCDIR/sources_1/new/MAIN_CONTROL.v">
      <FileInfo>
        <Attr Name="ImportPath" Val="$PPRDIR/../Downloads/AMD-Summer-Practice-main/AMD-Summer-Practice-main/Downloads/AMD-Summer-Practice-main/AMD-Summer-Practice-main/MIPS2/MIPS.srcs/sources_1/new/MAIN_CONTROL.v"/>
        <Attr Name="ImportTime" Val="1721117195"/>
        <Attr Name="UsedIn" Val="synthesis"/>
        <Attr Name="UsedIn" Val="implementation"/>
        <Attr Name="UsedIn" Val="simulation"/>
      </FileInfo>
    </File>
    <File Path="$PSRCDIR/sources_1/new/PC.v">
      <FileInfo>
        <Attr Name="ImportPath" Val="$PPRDIR/../Downloads/AMD-Summer-Practice-main/AMD-Summer-Practice-main/Downloads/AMD-Summer-Practice-main/AMD-Summer-Practice-main/MIPS2/MIPS.srcs/sources_1/new/PC.v"/>
        <Attr Name="ImportTime" Val="1721117196"/>
        <Attr Name="UsedIn" Val="synthesis"/>
        <Attr Name="UsedIn" Val="implementation"/>
        <Attr Name="UsedIn" Val="simulation"/>
      </FileInfo>
    </File>
    <File Path="$PSRCDIR/sources_1/new/REGISTERS_BANK.v">
      <FileInfo>
        <Attr Name="ImportPath" Val="$PPRDIR/../Downloads/AMD-Summer-Practice-main/AMD-Summer-Practice-main/Downloads/AMD-Summer-Practice-main/AMD-Summer-Practice-main/MIPS2/MIPS.srcs/sources_1/new/REGISTERS_BANK.v"/>
        <Attr Name="ImportTime" Val="1721117196"/>
        <Attr Name="UsedIn" Val="synthesis"/>
        <Attr Name="UsedIn" Val="implementation"/>
        <Attr Name="UsedIn" Val="simulation"/>
      </FileInfo>
    </File>
    <File Path="$PSRCDIR/sources_1/new/comb.v">
      <FileInfo>
        <Attr Name="ImportPath" Val="$PPRDIR/../Downloads/AMD-Summer-Practice-main/AMD-Summer-Practice-main/Downloads/AMD-Summer-Practice-main/AMD-Summer-Practice-main/MIPS2/MIPS.srcs/sources_1/new/comb.v"/>
        <Attr Name="ImportTime" Val="1721117196"/>
        <Attr Name="UsedIn" Val="synthesis"/>
        <Attr Name="UsedIn" Val="implementation"/>
        <Attr Name="UsedIn" Val="simulation"/>
      </FileInfo>
    </File>
    <File Path="$PSRCDIR/sources_1/new/top.v">
      <FileInfo>
        <Attr Name="UsedIn" Val="synthesis"/>
        <Attr Name="UsedIn" Val="implementation"/>
        <Attr Name="UsedIn" Val="simulation"/>
      </FileInfo>
    </File>
    <File Path="$PSRCDIR/sources_1/new/IM.mem">
      <FileInfo>
        <Attr Name="ImportPath" Val="$PPRDIR/../Downloads/AMD-Summer-Practice-main/AMD-Summer-Practice-main/Downloads/AMD-Summer-Practice-main/AMD-Summer-Practice-main/MIPS2/MIPS.srcs/sources_1/new/IM.mem"/>
        <Attr Name="ImportTime" Val="1721117195"/>
        <Attr Name="UsedIn" Val="synthesis"/>
        <Attr Name="UsedIn" Val="simulation"/>
      </FileInfo>
    </File>
    <Config>
      <Option Name="DesignMode" Val="RTL"/>
      <Option Name="TopModule" Val="top"/>
      <Option Name="TopAutoSet" Val="TRUE"/>
    </Config>
  </FileSet>
  <FileSet Name="constrs_in" Type="Constrs" RelSrcDir="$PSRCDIR/constrs_1" RelGenDir="$PGENDIR/constrs_1">
    <Filter Type="Constrs"/>
    <File Path="$PSRCDIR/constrs_1/new/constraints.xdc">
      <FileInfo>
        <Attr Name="UsedIn" Val="synthesis"/>
        <Attr Name="UsedIn" Val="implementation"/>
      </FileInfo>
    </File>
    <Config>
      <Option Name="TargetConstrsFile" Val="$PSRCDIR/constrs_1/new/constraints.xdc"/>
      <Option Name="ConstrsType" Val="XDC"/>
    </Config>
  </FileSet>
  <FileSet Name="utils" Type="Utils" RelSrcDir="$PSRCDIR/utils_1" RelGenDir="$PGENDIR/utils_1">
    <Filter Type="Utils"/>
    <File Path="$PSRCDIR/utils_1/imports/synth_1/top.dcp">
      <FileInfo>
        <Attr Name="UsedIn" Val="synthesis"/>
        <Attr Name="UsedIn" Val="implementation"/>
        <Attr Name="UsedInSteps" Val="synth_1"/>
        <Attr Name="AutoDcp" Val="1"/>
      </FileInfo>
    </File>
    <Config>
      <Option Name="TopAutoSet" Val="TRUE"/>
    </Config>
  </FileSet>
  <Strategy Version="1" Minor="2">
    <StratHandle Name="Vivado Synthesis Defaults" Flow="Vivado Synthesis 2023"/>
    <Step Id="synth_design"/>
  </Strategy>
</GenRun>
